<?xml version="1.0" encoding="UTF-8"?>
<faces-config version="2.1"
	xmlns="http://java.sun.com/xml/ns/javaee"
	xmlns:xi="http://www.w3.org/2001/XInclude"
	xmlns:xsi="http://www.w3.org/2001/XMLSchema-instance"
	xsi:schemaLocation="http://java.sun.com/xml/ns/javaee http://java.sun.com/xml/ns/javaee/web-facesconfig_2_1.xsd">
	<navigation-rule>
		<display-name>login</display-name>
		<from-view-id>/login.xhtml</from-view-id>
		<navigation-case>
			<from-outcome>login</from-outcome>
			<to-view-id>/welcome.xhtml</to-view-id>
		</navigation-case>
	</navigation-rule>
	<navigation-rule>
		<display-name>welcome</display-name>
		<from-view-id>/welcome.xhtml</from-view-id>
		<navigation-case>
			<from-outcome>cadastrar_membro</from-outcome>
			<to-view-id>/cadastro_membro.xhtml</to-view-id>
		</navigation-case>
	</navigation-rule>
	<navigation-rule>
		<display-name>cadastro_membro</display-name>
		<from-view-id>/cadastro_membro.xhtml</from-view-id>
		<navigation-case>
			<from-outcome>welcome</from-outcome>
			<to-view-id>/welcome.xhtml</to-view-id>
		</navigation-case>
	</navigation-rule>
</faces-config>
