<?xml version="1.0" encoding="UTF-8"?>
<faceted-project>
  <runtime name="GlassFish 4 at localhost"/>
  <secondary-runtime name="GlassFish 3.1"/>
  <fixed facet="java"/>
  <fixed facet="jst.web"/>
  <fixed facet="wst.jsdt.web"/>
  <installed facet="java" version="1.7"/>
  <installed facet="jst.web" version="3.0"/>
  <installed facet="glassfish.web" version="3.1"/>
  <installed facet="wst.jsdt.web" version="1.0"/>
  <installed facet="jst.cdi" version="2.0"/>
  <installed facet="jst.jsf" version="2.1"/>
</faceted-project>
